0.0144488812810214,0.268941421369995,0.107023783973175,0.0409680479970252,0.999954602131298,1,0.499922392752542,1.03130758430769,1.2431128109989,0.00835707355540176
0.0121226818720081,0.113941927395955,0.0156059726636083,0.169811595687464,0.991918055079194,1,0.46744048741815,0.799043962413421,1.02287129199976,0.00150343919297757
0.016567204659727,0.0386363601412686,4.59158182209459e-05,0.124720094322535,0.989013057369407,1,0.997785615239305,0.774939988228265,1.07196210006705,0.00150343919297757
0.0831733478296435,0.268941421369995,0.141522259587895,0.0597840503253877,0.996205768839135,1,0.250000069631687,1.49182469764127,1.38943408338558,0.00220412643553502
0.00945115609534642,0.140113412703371,0.00562192303262167,0.232238416546879,0.996292522867125,1,0.699999005417824,0.81162906424628,1.08925428551226,0.00150343919297757
0.085976682124617,0.268941421369995,0.0996092383845762,0.226843568956328,0.991979841957784,1,0.377054026420155,1.0189372794062,1.01705895561158,0.00150343919297757
0.0204893033024328,0.1973354694882,0.0317071102801713,0.151450043552334,0.995879014496381,1,0.949999963635748,0.754943900468966,0.985062281100356,0.00150343919297757
0.0335742811085031,0.192183646026632,0.0213780365841877,0.2056297900226,0.997777216144083,1,1,0.688865447875875,0.966031927606641,0.00150343919297757
0.00436341418621993,0.176370090244305,0.0188638298601728,0.0325451186081117,0.999954602131298,1,0.996629505779663,0.939337112823432,1.49182469764127,0.0150377006202188
0.0293429800256461,0.268941421369995,0.0925935904327839,0.0921268179652516,0.997946854668343,1,0.999655265866404,0.921454038824113,0.982870026078284,0.00150343919297757
0.0110919586384865,0.0358949729433354,0.000707721412716219,0.166659906032144,0.989013057369407,1,0.600000029462867,0.943617552997958,0.983227511837412,0.00150343919297757
0.0292814229714145,0.0425327852811504,0.0547374282145553,0.0908579713185933,0.995025281846888,1,0.900000414986086,1.40191843172768,1.20400436950179,0.00150343919297757
0.100105392189668,0.208744792052971,0.140588140574966,0.101341915614802,0.994153390930003,1,0.499999980045793,1.13402102144649,1.15920693506519,0.00150343919297757
0.0103837109410451,0.129453815746741,0.0022628649429169,0.234991594008151,0.998326922415721,1,0.549999893636285,0.873809577317538,0.928561883484189,0.00150343919297757
0.00922815578118685,0.223927856626412,0.00641415649586579,0.234674180591162,0.996159855548192,1,0.461705221718106,1.00717090706615,1.03530237723014,0.00150343919297757
0.0345589264242402,0.160246141835956,0.0414970104075764,0.0884665137017897,0.99868591874679,1,0.45000010972935,1.13533274269977,1.14237357117766,0.0306072937652725
0.0625401997596472,0.236920574595147,0.0849595460262753,0.152920954303033,0.998473136439202,1,0.161640893293554,0.951290182024775,0.89247657504575,0.00150343919297757
0.0348887449700492,0.134165402424965,0.0050457290527894,0.208556219332114,0.997685809670362,1,0.901587506477959,0.773041047486181,0.891917034650983,0.00150343919297757
0.0329665817274827,0.165300704055919,0.0828021401230414,0.0386331792523393,0.99806407129254,0.850000938236455,0.950001318548517,0.747817665159294,0.87472408554346,0.00150343919297757
0.0324164010784476,0.151664025349437,0.0830864348617616,0.00953048739869505,0.999954602131298,1,0.749998584269524,0.824602066719133,0.983165437311743,0.00287420164755166
0.058111846215603,0.169579016189704,0.113798731550244,0.0326449547529577,0.999954602131298,0.250000063422182,0.1,0.82080760611091,0.848025131502776,0.00257422690267632
0.0268580778400117,0.132175725406162,0.00506963319653641,0.191387475346036,0.996673446454468,1,0.849999665378986,0.984779991035253,0.952062671586988,0.00150343919297757
0.0346515918019051,0.227501760934453,0.0736501097726689,0.154389091280213,0.993795077279285,1,0.400000028782903,0.920443299353602,1.04323019624916,0.00150343919297757
0.0404072057335721,0.0398005401427751,0.0264143582418911,0.115678586936839,0.996751286818766,1,0.899999476314426,1.00871135254338,1.12392218943513,0.00150343919297757
0.0732304121518423,0.237971429480178,0.128299867190886,0.196653065118098,0.99685098247146,1,0.350000001503225,0.881571610076301,0.98910051350274,0.00150343919297757
0.0194207669924225,0.0991255693642782,0.0319008627356335,0.099317900730773,0.994041793542374,1,0.849999620964133,1.05518742311123,1.11201060713163,0.00150343919297757
4.53978687024344e-05,0.268941421369995,0.137017228994206,0.024548334524037,0.998576962313307,1,0.699999953894185,0.670320046035639,0.693929311544093,0.00150343919297757
0.0339998341879042,0.12244759112497,0.0567109116503651,0.084895034922355,0.994968080244358,0.750000048055174,0.699999937584607,0.773240615103442,0.899832146892525,0.00150343919297757
0.0105071927490227,0.0551340374740921,0.011222404646592,0.142600841944081,0.993416999318567,1,0.549999913600671,1.21197030612272,0.920346197130044,0.00150343919297757
0.0286324853026504,0.195633529883313,0.0456533234348102,0.268941421369995,0.997919777366773,1,0.90000023139618,0.893727275597508,0.8655437333187,0.00150343919297757
0.0190982840596902,0.191618282774481,0.00636696953551085,0.268941421369995,0.997656835921995,1,0.399998787234516,0.868904548327923,1.06043242969834,0.00417002377428488
0.114602851468307,0.117431541553013,0.0921242982526113,0.19240608327959,0.990805859240972,1,0.450000042060014,0.683427112531946,0.763149482669112,0.00150343919297757
0.0110034910187577,0.268941421369995,0.0913216767416306,0.012523053515686,0.999954602131298,1,0.650000192599609,0.777963141996701,0.937062487420518,0.00425187484181073
0.0129125555646058,0.21991259734638,0.0108942527600402,0.199411700902627,0.994051623904518,1,0.522324670304184,0.704713939369793,0.896284991407004,0.00150343919297757
0.0397058865652124,0.0932877465676858,0.00719431525206903,0.165209594177686,0.996319760022553,1,0.649999438428578,0.850753552513162,1.12745246756424,0.00150343919297757
0.0310765159684768,0.268429356884509,0.0712011649370976,0.115914209464176,0.994939246275065,1,0.549999984523092,0.678573395025625,0.985814209336982,0.00150343919297757
0.0920389392117356,0.268941421369995,0.189919447596126,0.0130212095830143,0.999954602131298,1,0.699997952329891,1.09925954085395,1.09852159396008,0.00201085705560934
0.0355907380720395,0.171708301522829,0.106158597053862,0.0109331174075179,0.999954602131298,1,0.998293215836898,1.3607829963517,1.40257751509261,0.00277462544239764
0.268941421369995,0.0470280618563687,0.217141305380112,0.022799555450379,0.999954602131298,0.210138792792523,1,1.12475978986785,1.0114723031373,0.00678523374229169
0.0337417709845021,0.0703769520722532,0.0324749303499024,0.0893026751639542,0.991389080808562,1,0.626635812288406,1.09987789627238,0.980274599204027,0.00150343919297757
0.0552408976366207,0.268941421369995,0.0709985453706866,0.268941421369995,0.99779865876299,1,0.655510118057184,0.994737357833419,1.03247949803695,0.00150343919297757
0.0800812271434886,0.0607944506654635,0.0479166674118362,0.10195886207047,0.995022730214429,1,0.799999841588972,1.06061306443415,1.19868871423517,0.00150343919297757
0.0572474880066571,0.251093635441775,0.134076514642301,0.153356875857927,0.996340245542932,0.999808505504689,0.100191549657947,0.912901363940483,0.942407685437776,0.00150343919297757
0.0937929957031998,0.268941421369995,0.223892539282971,0.0437457657950739,0.997508115149389,1,0.700000018018765,0.670320046035639,0.676907060424462,0.00150343919297757
0.0731542472967098,0.202121760442024,0.15245951142924,0.0419173908711425,0.999954591734275,1,1,1.29513549673167,1.30415126937541,0.00837402922431932
0.0172721703678933,0.0692421148819394,0.0350067664221487,0.0421964126182128,0.997708141795624,1,1,0.670320046035639,0.670320046035639,0.00150343919297757
0.063225192037999,0.112562687801626,0.0617328167062818,0.0606690602161868,0.996389093994894,1,0.992833884463223,0.670320046035639,0.797890972457566,0.00150343919297757
0.0286141817413635,0.119561163996739,0.0258221815144064,0.160143321646676,0.997267897989885,0.903887920402879,0.796112237871287,0.884101587985035,0.936201112858953,0.00150343919297757
0.0784982020427447,0.262471244391887,0.193050590878912,0.0339861705951099,0.997212770454884,1,0.700000277599529,0.670320046035639,0.681807375326781,0.00150343919297757
0.0184224227903834,0.153941781897012,0.0644132818702095,0.0184284961720753,0.998923055622871,1,0.983553170775519,0.670320046035639,0.853973667579001,0.00303529508753517
0.0937051523196087,0.268941421369995,0.203924378290809,0.0382099749508188,0.999954602131298,1,0.73914994398242,1.1794139240072,1.25037181208356,0.00674414335339281
0.0263857978260792,0.171529059514778,0.0328470607017286,0.15577848598039,0.990090825532892,1,0.300000036273084,0.837605690339165,0.981601356059768,0.00150343919297757
0.0445602275470934,0.21307112354649,0.0554155795672589,0.141777326729223,0.998730183592493,1,0.199997305981964,0.950444450459401,0.979945701437143,0.00367485128078356
0.0344836354079492,0.268941421369995,0.137059462102183,0.034765345699975,0.995829657285182,1,0.299999920568105,0.683603833605576,0.740408389897206,0.00211527041330917
0.0393414844816763,0.2055767382577,0.0171381391488409,0.268941421369995,0.990775814944076,1,0.349999993860922,1.03091964187841,1.07979887177494,0.00150343919297757
0.151468292140509,0.268941421369995,0.229378117665164,0.0297628102411448,0.999954602131298,1,0.9812912249965,1.29942748471984,1.49182469764127,0.00563859032879497
0.00765246489004356,0.268941421369995,0.106587688533847,0.0547424646919116,0.994252710157444,1,0.349999995314007,1.49182469764127,1.49182469764127,0.00150343919297757
0.0313382207660837,0.231137051449507,0.0722435226316675,0.0971782223107325,0.9912152613412,1,0.400000110078876,1.00434515519378,1.4025433631309,0.00150343919297757
0.0175612692497863,0.12164272982518,0.00911564884188106,0.225049759499086,0.994362442701682,1,0.4783625871507,0.820697908243683,0.955926283943419,0.00150343919297757
0.0480185404665647,0.268941421369995,0.0524736193249783,0.243010365447076,0.998476731854812,1,0.400000098402656,1.0724978908668,0.983391412076183,0.00150343919297757
0.0495857379058234,0.241657975727726,0.0842589312167694,0.0933326007486078,0.997411634830181,1,0.549999966056641,1.02878682411616,1.03117208849198,0.00150343919297757
0.0307602689509064,0.0918875221853327,0.0107721338737572,0.268941421369995,0.993715165582154,1,0.949999906606257,0.981729888492106,0.849272957120276,0.00156489424175158
0.040339913637686,0.127558684808919,0.0303150838136345,0.25508110552485,0.997372940555415,1,0.300000073778295,0.880906983021718,1.01992615831016,0.00150343919297757
0.0578529852890497,0.0489945495957686,0.017707024651066,0.0513524289308741,0.993472783025664,1,0.750000010732003,0.761467652035048,0.670320046035639,0.00783053498048582
0.0454286821803912,0.268941421369995,0.134616859896445,0.114023102531546,0.999224568633582,0.997318570626943,0.102598395161936,1.06403311840863,1.03918482803244,0.00150343919297757
0.0210216261199424,0.0949020324145724,0.0398672044109434,0.0156466939120782,0.998373460500859,1,1,0.670320046035639,0.773308474461094,0.00150343919297757
0.0329431886655793,0.20400626646279,0.101683119612854,0.0101273451060283,0.999388164254354,0.932153910480639,0.667845395639391,1.02351169169063,0.972341087913078,0.00150343919297757
0.0557910477565581,0.250658953194618,0.117915341928651,0.0825860604792513,0.997262223092861,1,0.150000428431073,0.888659072120608,1.01160187095402,0.00150343919297757
0.0726159545071692,0.252576820253278,0.142906164086472,0.120200698376024,0.997525913692127,1,0.34999998090572,0.837056807144384,0.942158310090313,0.00150343919297757
0.00765038828022768,0.115445465698439,0.0560837789792722,0.0125501664217627,0.998615193626361,1,0.995260437983728,0.670320046035639,0.718561710645255,0.00150343919297757
0.137766413248004,0.193209955948562,0.138619488654206,0.0827685800243783,0.999639831435872,1,0.499998158938279,0.685354936466941,0.700067976386519,0.0167475949858606
0.0759023696065303,0.233754570585482,0.127403468246136,0.112545631997393,0.996761806681558,1,0.449999429717445,0.756385777297098,0.735575739727446,0.00150343919297757
0.0279485333058405,0.190799919793598,0.100558284506536,0.0165350494816629,0.999270055135437,1,0.399999568907729,1.3391161456177,1.36995744353582,0.00210899924097395
0.132965168189532,0.268941421369995,0.175831293977058,0.183519128799285,0.993585066874475,1,0.234131545535604,0.988545750743337,0.97600692185544,0.00150343919297757
0.0107839251620338,0.106772228807972,0.0343792003609942,0.0638176711221119,0.993218854282717,0.997292027872094,0.852707997028941,1.11330326841739,1.04698564434457,0.00150343919297757
0.006179145273571,0.0848651690987576,4.53978687024344e-05,0.195187013865335,0.999954602131298,1,0.860574031291884,1.21945085523826,0.976412915087299,0.0140602678789674
0.215324018905479,0.268941421369995,0.247588208037091,0.177643085305843,0.993416637678134,1,0.499999979348361,0.678233878297321,0.711657698929158,0.00150343919297757
0.0533445566435982,0.268941421369995,0.130502796791199,0.0403388407924215,0.997733347440603,1,0.550000080880961,0.670320046035639,0.764789551630279,0.00150343919297757
0.0678502828785125,0.171123615654494,0.0854061402391816,0.123406779825102,0.992860952100925,1,0.499999983695093,1.14619622243944,1.12989761305284,0.00150343919297757
0.0584843270857043,0.127574120163296,0.0521073578790088,0.180744689946487,0.996281595211808,1,0.251030666608091,1.05676351519123,1.01409510875935,0.00150343919297757
0.0289120733235079,0.0181427550639605,0.0106550118815243,0.0591951561700255,0.99729584652155,1,0.999519476553674,0.95028904002459,1.167169717643,0.00690709215323476
0.0449453172616025,0.00768329821713222,0.0277455841822077,0.00657914522581716,0.999954602131298,1,0.992291266299514,1.08418547898173,1.02149862673209,0.00440904606539475
0.0439186012116814,0.107877395900152,0.0376904498199376,0.200047150283916,0.999863947311934,1,0.150012312318209,1.03236634058258,1.01983809214167,0.0112600392572001
0.0315399000738617,0.139721881082745,0.0899793248995896,0.0173512471879967,0.998953706515014,1,0.987277042345557,0.670320046035639,0.728677822210243,0.00150343919297757
0.0496372633139235,0.128721544404327,0.0609689262088119,0.088698304539754,0.997474654837188,0.983470912732119,0.716528901899306,1.0626410703304,1.10410450924694,0.0021853235438841
0.0493031116984088,0.255973194363989,0.0551218199753826,0.268941421369995,0.997890243997786,1,0.450000075054843,1.07053772513574,1.02992982818309,0.00264635387112953
0.0539123182788243,0.0783494218268847,0.0110612328364408,0.19278764338881,0.993605037885175,1,0.499999982626258,0.670320046035639,1.02848915432538,0.00150343919297757
0.0486467720241383,0.131670919755593,0.0856964932020479,0.0897023883850688,0.995919294664228,1,0.500000134109215,0.920242876587395,0.971334418924855,0.00150343919297757
0.0319603063251089,0.110783407692675,0.0592145625041063,0.0424559996463367,0.995645850376468,1,0.999999999996484,1.16738452231885,1.14970421554505,0.00150344342540887
0.120873576468241,0.166142506697336,0.107289746538365,0.118632605157112,0.998253388736466,1,0.400000199105995,0.838758486742789,0.848768083631168,0.00150343919297757
0.00142130765348177,0.0461798100708163,0.00385181832142006,0.00325304154698098,0.999954602131298,0.927001649676061,1,0.972147578376904,1.00742838818699,0.0035914540704247
0.0126662094831594,0.0818612734398346,0.016568874498018,0.0830621597964205,0.99918520387889,1,0.542508497360406,0.887424857391303,0.79502334453725,0.0215956561323078
0.0543172948417042,0.184040623538388,0.0705303323538628,0.189024487745624,0.992419795101985,1,0.749999937779201,0.670320046035639,0.722477288878406,0.00150343919297757
0.0270440674382219,0.246551992113354,0.00971942032949752,0.268941421369995,0.999954602131298,1,0.402372359996281,1.01392184229769,0.933734680324361,0.0136294975785086
0.0357235936657463,0.268941421369995,0.110445207869529,0.0617022653345681,0.999954602131298,1,0.300000073857119,0.799166047280719,0.736052972476423,0.0152061511362445
0.0149847548321662,0.2018135854312,0.0485600846912557,0.0217254662311364,0.998498021960258,1,0.849999008209373,1.13995604338288,1.49182469764127,0.00294131028233764
0.055711746149673,0.108652148348879,0.0116213625285489,0.167555324500213,0.993889318143411,1,0.599999975101875,0.893214995624883,0.945503547732052,0.00150343919297757
0.0105056971029972,0.118471912016973,0.00468996968028525,0.119896427985338,0.999119628811752,1,0.849999695430567,0.675504526306741,0.87324832409895,0.00918075176946653
0.079156039087004,0.268941421369995,0.172737751758185,0.0167945579279253,0.999954602131298,1,0.299559478855348,0.670320046035639,0.77874804175628,0.00398394805191568
0.0324010369737306,0.156102645455978,0.0883577254350257,0.0469733694852752,0.99493939153011,1,0.400000037562472,1.17164308283208,1.46756053767941,0.00211823681475326
0.0114573864175431,0.085822672386714,0.00363312511361461,0.193507488456726,0.998457467746597,0.999999999872615,0.999999999678136,1.13738618125874,0.952125624749052,0.0015034395324229
0.0218855891133782,0.224204313325744,0.0278333518246205,0.154561194012955,0.991208390156372,1,0.599999998875081,0.92926291696232,0.801462901070264,0.00150343919297757
0.00588975337253159,0.201733047899497,4.53978717649849e-05,0.144095216435887,0.999954597305985,0.999999998743329,0.999999992174925,0.706560856278214,1.11609407099241,0.010717621227849
0.0175483114805461,0.18793896042447,0.0250342476502599,0.142379226772798,0.990476456746108,1,0.650000009184213,1.03554521964965,1.03093451095798,0.00150343919297757
0.0548574755629422,0.0604286158955554,0.0581293516977596,0.064983740694905,0.995985420936902,1,0.250000365110115,0.702663063821819,0.818557208480534,0.00755062129632924
0.0474965599995503,0.1503911362723,0.0511074718453285,0.143421838356854,0.997418411179645,1,0.649999952666457,0.782097074234691,0.925852440202309,0.00150343919297757
0.0694459784624733,0.218186117144192,0.139574260873884,0.084531212774642,0.997237199379133,0.999999999672073,0.1,0.822875410547732,0.959153805274987,0.00150343919297757
0.0308433419014965,0.268941421369995,0.00907981615822518,0.224944989821494,0.994345148208555,1,0.62617867839101,0.929408321143091,1.05780579350012,0.00150343919297757
0.0344922786117585,0.191575287146471,0.0949405726749149,0.0907085541420298,0.99741803768483,1,0.499999742449365,1.22636659750533,1.01115235717464,0.00150343919297757
0.0262569587637919,0.1433628070982,0.043435020651848,0.236414832403913,0.995550507650986,1,0.45000013529674,0.877271611333722,0.942062904986942,0.00150343919297757
0.0405754668966811,0.104209757975963,0.0210795802848169,0.165435803630801,0.990561617506413,1,0.429429942660123,1.12212942947644,0.990089104100339,0.00150343919297757
0.00922091576485584,0.120684636348758,0.0173897568482139,0.0699499473142235,0.991978015124639,0.900000069896033,0.900000387457129,1.01845422587919,1.3590343332552,0.00305258700202399
0.207050013930851,0.248719346607449,0.268941421369995,0.110201648237096,0.999954602131298,0.978149718001246,0.944843455747752,0.681986356178499,0.73341488868168,0.0188937840747557
0.00225088982373183,0.233588097580837,0.0134032872438179,0.204937913902852,0.992989341378635,1,0.527672653628822,0.981980273098643,1.0614310966624,0.00150343919297757
0.0999983250437899,0.157951103605355,0.139494718534902,0.0530230197673026,0.996100808436211,1,0.400000047968751,0.940207945381054,0.890152181531868,0.00150343919297757
0.0904703738166627,0.15851878327996,0.164471254816704,0.0310877228922974,0.999954602131298,1,0.349999604948202,1.18067282654764,1.23379406898011,0.00607882647449116
0.0266803668235066,0.25651475682492,0.036223783180023,0.0872087536524541,0.999954602131298,1,0.550000253652526,0.901987966894863,0.716656979195644,0.0269658385939654
0.0502509052651897,0.113283423294349,0.0744206765053104,0.1178891019478,0.995758311435782,1,0.584417291088228,1.17776735009184,1.09042672226831,0.00150343919297757
0.152839455978711,0.255629870827185,0.20076701322213,0.177464541607336,0.995394604163263,1,0.199999984514035,0.91378952622064,0.924246492761176,0.00150343919297757
0.0103406703980095,0.253580911845881,0.0416468350583264,0.0745564307180649,0.999954602131298,0.722435824269701,0.927561136295276,0.95502307726353,1.49182469764127,0.0249233276079376
0.0335275946179401,0.0936371592481882,0.0458932379906446,0.0535986355535818,0.996223943277729,1,0.998675600275867,0.670320046035639,1.06535104020259,0.00346639429858266
0.01519101120866,0.218364242236507,0.0834185910808729,0.054247646736035,0.995443679961058,1,0.800000168447672,0.670320046035639,0.814067459131362,0.00150343919297757
0.0413496400606106,0.175399398244324,0.0701403359350979,0.106557655495485,0.99669103144878,1,0.549999945082892,0.910803409299913,0.952896977394067,0.00150343919297757
0.0206243467174544,0.129278641534644,0.0159717615963041,0.217924907039545,0.997544369567516,1,0.650000088116114,1.03394365165945,1.07199888525307,0.00150343919297757
0.0471255050453388,0.151400723584331,0.0885904275679254,0.0282872881006639,0.998566450550346,1,0.200000526867347,0.863633482527,0.898635883792427,0.00150343919297757
0.0990338097634612,0.268941421369995,0.201160703959936,0.0731152042457406,0.993745002945844,1,0.349999975535056,1.19935110572412,1.28211676025484,0.00150343919297757
0.0309420217812599,0.156068378183438,0.0501792367187408,0.052719877154447,0.999580564603229,1,0.149999629205955,1.26565607103962,1.27859388716069,0.00896616432057788
0.0162656429966255,0.209237101777226,0.0123850771794444,0.17986426557527,0.993499307268631,1,0.600000000992461,0.749166664953883,0.983406361020751,0.00150343919297757
0.151297476960947,0.203869908734225,0.239033096191214,0.138304136045248,0.999954602131298,1,0.999376523816317,0.816300302655618,0.831307704430772,0.0186546271324134
0.104002641830849,0.130487126217698,0.105201284961243,0.14916893141115,0.996553212969862,0.999999999993374,0.100000000006132,0.838536862796703,0.941465612332909,0.00150343919310909
0.0267342298006975,0.268941421369995,0.0534507788401503,0.262030924097214,0.993481918797665,1,0.34999996453385,0.962915403442244,0.894969235277841,0.00150343919297757
0.0108771522423587,0.124803426805062,0.045647100514207,0.0720037231015391,0.992174747143604,1,0.457972936361683,0.875508496884153,0.970873272323016,0.00412086242732818
0.0637599545538648,0.268941421369995,0.0748980769600266,0.256649056775856,0.996195918523393,1,0.449999926022728,0.749827939774813,0.915799187554086,0.00150343919297757
0.0647056453843266,0.20435514239676,0.107894851345628,0.0270114863055388,0.998483496748158,0.900000435203819,0.549999650652708,0.670320046035639,0.855788922993017,0.00150343919297757
0.0332546819006687,0.116298969574032,0.017296691043145,0.190678441423092,0.991570652186199,1,0.428024562633832,0.826391185336875,0.963962544868581,0.00150343919297757
0.0251131546176067,0.12324686007321,0.0188057159377527,0.16987414960454,0.991652212145451,1,0.530735778966535,0.853784323513191,1.027085924999,0.00150343919297757
0.136269630722134,0.130538774480264,0.120944438547487,0.199411537055163,0.992430150458308,1,0.993528003790895,0.838511582544901,0.802363843300712,0.00150343919297757
0.217536546136319,0.253086987384231,0.268941421369995,0.0878910022517619,0.999954602131298,1,0.995219903960686,0.714605315376343,0.787558084043985,0.0170893251432664
0.0141716392462128,0.185356696417093,0.0472744359137413,0.067933360503931,0.999954597407936,0.999999999999403,0.999999999999323,0.812275397030492,1.21800720603787,0.0189279491839188
0.00521769406693017,0.109070617880306,0.0452224802564752,0.0565022189583178,0.997249687856638,0.51747945438323,0.235549141896711,0.99832936622087,1.09243900212746,0.0060394056317601
0.0718713421400976,0.169097257053508,0.127649557396492,0.0545833373861524,0.996065871328519,1,0.700033695772303,0.670320046035639,0.670320046035639,0.00150343919297757
0.0442355174999622,0.111111806670689,0.05626276668699,0.081382862225885,0.996652931358645,1,0.799999693555179,0.868116784389462,0.945861407098694,0.00150343919297757
0.029640887782168,0.268941421369995,0.148822249902207,0.0221292445821394,0.999954602131298,1,0.249998707242043,0.670320046035639,0.756951877876801,0.00359826583682353
0.11140317962353,0.254687326370345,0.182982933965101,0.0616389842090412,0.997898204052142,1,0.100000000000043,1.11119816325585,1.15533415009925,0.00150343979759039
0.0170917214398392,0.130783114901104,0.0652770844408235,0.025796562930363,0.999954602131298,0.999994082518325,0.1,0.935430127123497,0.970387773317872,0.0106472930161681
0.0723177850266053,0.146421837966713,0.0744955580112369,0.139206257408357,0.993799670710998,1,0.450000003595976,0.915934443399984,0.962203252912686,0.00150343919297757
0.0531691583048735,0.168232773700407,0.027992395530463,0.180210976885024,0.998073087010967,1,0.209533369392073,0.688306802443164,0.891148451998278,0.00298035589759044
0.0315153015083979,0.0915091199589142,0.0231713196182847,0.110200833182606,0.995752186682728,1,0.799999797810818,0.73833538188918,0.689484957971791,0.00150343919297757
0.0330777399270107,0.190899976336777,0.0769369892390967,0.0871431080341059,0.998915447927469,1,0.149999268932704,1.05222888779819,1.07846558854021,0.00451253520111078
0.0470161390242992,0.268941421369995,0.0246238254627774,0.226567544218052,0.989397538180448,1,0.350000034530944,0.992915800733884,0.939383045266626,0.00150343919297757
0.0650410417873768,0.225587505401426,0.139786832264618,0.0495806622799981,0.997594027267028,1,0.101754440374754,0.855397759261159,0.860260545540715,0.00177849569240233
0.0848344026893399,0.164959944323675,0.101378934167,0.0736545668481951,0.993276519797169,1,0.250000056604847,0.820158911359558,0.6842016780215,0.00497875626743485
0.0679719336000926,0.162798548470629,0.108495914545774,0.0427878528734065,0.998820070297526,0.849999908511408,0.1,0.948793824136466,1.00587195051571,0.00150343919297757
0.0431293244585172,0.200403886898664,0.126943472769426,0.022574654142599,0.998634241122303,1,0.682835124433613,0.670320046035639,0.687444949103555,0.00150343919297757
0.0173544776094324,0.0503827303964841,0.0177169550686808,0.076034469145954,0.999954602131298,0.98139602140054,0.468604311292536,1.0135343621025,0.950826580145189,0.0209405528193182
0.0370392154819431,0.216814443321636,0.0197450960903148,0.264113909225623,0.989013057369407,1,0.300000040390154,1.15230781099862,1.00147697836628,0.00150343919297757
0.029925280554878,0.103456991653198,0.0559284266731226,0.0980592643027058,0.991952852784566,1,0.299999970550665,0.703187917675454,0.829459641231771,0.00647115722732804
0.0388249077493501,0.119367308108733,0.0733560048942237,0.0836912707363834,0.994232326365907,1,0.649999904066636,0.698620137505742,0.893146329326865,0.00150343919297757
0.0444972176492381,0.263270309077564,0.0731652321480794,0.100876844312984,0.994163453121977,1,0.949999991208244,0.674797736852844,0.972804105732078,0.00150343919297757
0.0409394729968168,0.244741036866201,0.0733864004514803,0.0805226796189859,0.994423206458907,1,0.349999645730196,0.68540884481698,0.684056757058949,0.00953495178591394
0.0131363095277793,0.201731035340911,0.0288399099897117,0.0409004558607926,0.998927301579725,1,0.50000000263195,0.690595980725074,0.705500507312865,0.0103999442595458
0.0140174518351971,0.268941421369995,0.0199357772450869,0.193793695279497,0.996249132750398,1,0.350000000146698,0.836182631154399,0.827063299884734,0.0148825193319739
0.0283837467258006,0.157733320428272,0.0144415427517319,0.243340115318978,0.991551662396181,1,0.649999989536464,0.906288525839448,0.975990268509957,0.00150343919297757
0.0674026199555914,0.250173506272983,0.101045140702878,0.105986621517347,0.998490436731243,0.950000217626689,0.44999977953121,0.929725203584683,1.13110827004028,0.00150343919297757
0.154172182571438,0.268941421369995,0.268941420388735,0.068730919476811,0.997452571831596,1,0.100000000000002,0.673026515296034,0.68291659183525,0.00189625835625015
0.116574470846679,0.268941421369995,0.175416929285733,0.0661893835902292,0.999954602131298,1,0.5499989155632,1.32013898171302,1.49182469764127,0.0132521926986845
0.0560184076882175,0.249123179310442,0.0768988659500908,0.184209797083289,0.995957405013569,1,0.299999930500105,1.04687610095965,1.16469281138356,0.00150343919297757
0.0373875767587979,0.188151601519131,0.0941989604615589,0.0962868483791797,0.994156196195632,1,0.550000082428087,0.962635065171471,0.976997740255958,0.00150343919297757
0.0209278177370486,0.0852664004786631,0.00967989557694341,0.178378203194372,0.994553545110207,0.900000008044674,0.550000000782975,0.928519018492397,0.921399861322361,0.00150343919297757
0.0119444370210612,0.0790097726084695,0.0317396356052854,0.0241218121585505,0.999954602131298,0.7548654666457,0.6327772338835,0.84683720973282,0.999534711282735,0.0143544462136465
0.0122760143928481,0.234879027986897,0.0181734927510582,0.263482130344929,0.990390321337572,1,0.403559439542513,1.11016537466692,1.06791375467591,0.00150343919297757
0.0889194834739912,0.268941421369995,0.143509892789063,0.053725708383609,0.99760300880983,0.984469232987073,0.365530932469259,0.88558298698775,0.91074053424258,0.00460264183101691
0.0128174355730167,0.268599065875774,0.0263627565592466,0.174338361747738,0.989289619504535,1,0.549998793298907,0.772174862434113,0.987361640625891,0.00150343919297757
0.0384827707848647,0.268941421369995,0.0977163552858053,0.0784003156032973,0.992012018161933,1,0.350000034000974,1.39157625379284,1.45082229951884,0.00150343919297757
0.0603406214239067,0.24966551380974,0.0931043188120923,0.121552509156186,0.99930500564934,0.999928145323994,0.1,1.02116447889708,1.09356785497622,0.00150343919297757
0.0694069054740684,0.247900371557459,0.153704010356646,0.108811250173631,0.997230218225825,0.949999997716303,0.1,0.959021122404322,1.05309775369694,0.00150343919297757
0.08460836757126,0.218124653375737,0.0598921450763149,0.222047290043175,0.998058424059915,0.992653153076111,0.107346741001949,0.957603396286405,0.864755461574365,0.00150343919297757
0.0567643656118853,0.263925718197111,0.139638496984547,0.0627994360914255,0.995730979073114,0.995162524713313,0.504837667970815,0.718586729869593,0.725530585734818,0.00362292950773569
0.203399192188581,0.124180641965362,0.152245974159055,0.192306283819122,0.994328452526004,1,0.349999944252306,0.771972444740632,0.832345748460012,0.00150343919297757
0.0127960534512629,0.222663422101661,0.00257820878703381,0.265441840923255,0.998630552498095,1,0.791427122717805,0.955378121662539,0.904090203635068,0.00150343919297757
0.0714878460048006,0.268941421369995,0.0675280537058747,0.250139560845894,0.994092080748432,1,0.599999921286043,0.800665462561699,0.8323386196093,0.00150343919297757
0.0485338977386888,0.121233434799522,0.032812870874327,0.141313893633677,0.989013057369407,1,0.599999710672378,0.920698417949123,0.968070676712586,0.00150343919297757
0.0323659668698586,0.161110168227015,0.0543730278484968,0.110236711673681,0.997975283818499,1,0.150000059811983,1.24930480622429,1.18403849607834,0.0100363225097464
0.116539445181662,0.254527626397421,0.230727479015458,0.0141793618713234,0.999954602131298,1,0.99242769739161,0.972307409935021,1.06670249815506,0.00384029715338863
0.00736083847314638,0.268941421369995,0.0593091208997694,0.0539080497753839,0.999954602131298,1,0.549999238785113,0.750495120066291,0.670320046035639,0.0152434560546846
0.00331072609820524,0.188139355029801,0.0587147507152667,0.0780821482803952,0.996746358230889,1,0.949999657652796,0.670320046035639,0.872433693827447,0.00150343919297757
0.123230009903192,0.255799865597911,0.146966556926059,0.115931840338819,0.997397032284748,0.950000021662146,0.549999955812043,0.970506854905669,0.992287212578364,0.00150343919297757
0.0145447009028323,0.181917926789159,0.0103619553505369,0.268941421369995,0.99370022749787,1,0.466371854862168,0.764319325129115,0.948650172759069,0.00150343919297757
0.0316372523829428,0.0574849950505954,0.0115140501581673,0.106824230029978,0.99484958807377,0.850000223796238,0.69999974923228,0.837473654367522,1.06368152179746,0.00150343919297757
0.260085790911264,0.220071027588233,0.268941421369995,0.268941421369995,0.989013057369407,1,0.250000043693036,0.857618309598288,0.880408493687306,0.0283012928111638
0.138160453862788,0.268941421369995,0.219225284551671,0.172684422188107,0.992992513449458,0.949999995590769,0.200000002065876,0.919992231825259,0.886838554381181,0.00150343919297757
0.041848851501265,0.19672017350483,0.0307973954953792,0.211166379091459,0.997843028346665,1,0.800000016165382,0.911635929176504,0.907729328271837,0.00150343919297757
0.0206899321983966,0.156000879277831,0.0462692940822676,0.0484112936696611,0.999954579580644,1,0.1000000061605,0.892084978746867,0.799297289675619,0.00380307182426272
0.00882677707135846,0.153322731304068,0.00669464983060025,0.23642553723822,0.995784171920478,1,0.625825550026976,0.975188797975947,1.14587639796096,0.00150343919297757
0.0192691474910491,0.232462893766892,0.0208970561928727,0.18768723803489,0.990370058496101,1,0.649999907050454,0.841627623005814,0.972050298392844,0.00150343919297757
0.0856165747148723,0.261463241481346,0.16490640775343,0.149689147812193,0.997944376756336,1,0.1,0.985358125280396,1.04485888262367,0.00150343919297757
0.0203183169164761,0.104826559571941,0.00357277489799281,0.244296895534658,0.99795565523575,1,0.675126457578,1.22492820670681,0.977376915710032,0.00150343919297757
0.056537340820716,0.128258075247241,0.0884695591369715,0.043115721737291,0.996884057735293,1,0.599999960782029,0.762492779148861,0.918411114523275,0.00150343919297757
0.00897086127293681,0.138155542861433,0.00800590515884055,0.268941421369995,0.997645640894925,1,0.425694407399198,1.013865948696,1.01460957272917,0.00676101369379832
0.0991995949696796,0.186188945968425,0.152846280314446,0.0592388083351159,0.99577674670152,0.950004249424417,0.1,0.82894923071818,0.843916449504452,0.00150343919297757
0.0286203297749746,0.268941421369995,0.023800593117287,0.268941421369995,0.989746864312771,1,0.228059158608188,0.69138471417174,0.963045674346286,0.00368714845546201
0.0173670526987327,0.268941421369995,0.103455355246866,0.0263541306550826,0.998159756736386,1,0.715905523666611,0.678358986214912,0.730724211812762,0.00150343919297757
0.0470485018399877,0.211768997172839,0.0953468050166345,0.0875816897137701,0.995831173155229,1,0.199999883343856,0.704392056745539,0.670320046035639,0.00433422734103994
0.0427007194836495,0.211463893271203,0.0616999134371535,0.129593508810689,0.998711640138726,0.995565750656312,0.1,0.919353194902212,0.918289645455919,0.00169690588085236
0.063140625733239,0.236752456906706,0.0177146796421147,0.233069953893187,0.990499607041691,1,0.550000015552625,1.01643182495232,0.966857550602123,0.00150343919297757
0.033101153449462,0.114497079206631,0.00676244890360953,0.268941421369995,0.99592342038982,1,0.378193989800837,1.13657918943432,1.13179104272133,0.00150343919297757
0.0423532441011483,0.134242505039988,0.0606937344567939,0.0940049712475333,0.997035892979369,0.949999967657212,0.800001558316968,0.693545041992191,0.820649559107863,0.00150343919297757
0.0649893902459796,0.264712771861231,0.100589679692165,0.120184272096425,0.995242935273642,1,0.950000028704995,1.12827109271574,1.22983060428629,0.00150343919297757
0.0420353166739474,0.158934442543473,0.059945087655838,0.0820162553485535,0.99131548295643,1,0.299999862776678,0.971143247931394,0.881103967559717,0.00150343919297757
0.0585802948159129,0.194465086349801,0.125623308022635,0.0668421184150702,0.996538381941896,0.950000040950896,0.549999962849196,0.852297914559347,0.77154481924227,0.00150343919297757
0.22566584689402,0.230449514430308,0.268432778387598,0.122179050519409,0.995563855097438,0.908797407811597,0.691202580604981,0.670320046035639,0.713580517549594,0.00150343919297757
0.0691928151389879,0.224893177892097,0.0931550180254377,0.158529967986007,0.994679659913715,1,0.549999978869663,0.715910798848961,0.762014859378517,0.00150343919297757
0.102001280713478,0.262214138827339,0.151362201121507,0.175346501025671,0.996871204236223,1,0.299999996940686,1.06017484858131,1.0809710065967,0.00150343919297757
0.00973711606570052,0.174739309527502,0.0576603474369401,0.0359344376437699,0.998315269247088,1,1,1.46279271028404,1.25947251420802,0.00588497446537752
